{
  "global_summary": {
    "total_requests": 3984,
    "total_failures": 32,
    "success_rate": 99.19678714859438,
    "avg_response_time_ms": 57.058327606806046,
    "requests_per_second": 132.8
  },
  "regional_results": {
    "us-east-1": {
      "region": "us-east-1",
      "total_requests": 1328,
      "failures": 12,
      "success_rate": 99.09638554216868,
      "avg_response_time": 11.386968527475096,
      "p95_response_time": 17.080452791212643,
      "p99_response_time": 25.051330760445214,
      "requests_per_second": 44.266666666666666
    },
    "eu-west-1": {
      "region": "eu-west-1",
      "total_requests": 1328,
      "failures": 8,
      "success_rate": 99.3975903614458,
      "avg_response_time": 59.36420503139773,
      "p95_response_time": 89.0463075470966,
      "p99_response_time": 130.601251069075,
      "requests_per_second": 44.266666666666666
    },
    "ap-northeast-1": {
      "region": "ap-northeast-1",
      "total_requests": 1328,
      "failures": 12,
      "success_rate": 99.09638554216868,
      "avg_response_time": 100.4238092615453,
      "p95_response_time": 150.63571389231794,
      "p99_response_time": 220.93238037539967,
      "requests_per_second": 44.266666666666666
    }
  }
}